{
    "name": "presprocess",
    "min_plasma_coil_distance": 1.91348659,
    "coilspermodule": 10,
    "coil_rmajor": 22.25161818,
    "coil_rminor": 4.68989464,
    "aspect_ref": 12.31533919,
    "bt_ref": 5.6,
    "WP_area": 0.53333333,
    "WP_bmax": 11.56563369,
    "i0": 12.98695433,
    "a1": 0.66958352,
    "a2": 0.03192443,
    "dmin": 0.95903749,
    "inductance": 0.00179942,
    "coilsurface": 4740.38425897,
    "coillength": 1708.69547411,
    "max_portsize_width": 2.76622229,
    "maximal_coil_height": 12.24444,
    "WP_ratio": 1.2,
    "max_force_density_MNm": 64.33306365,
    "max_force_density": 120.62449435,
    "min_bend_radius": 1.5554584,
    "max_lateral_force_density": 95.77992258,
    "max_radial_force_density": 111.52035114,
    "centering_force_max_MN": 188.85340159,
    "centering_force_min_MN": -54.44199146,
    "centering_force_avg_MN": 92.90931689,
    "symmetry": 5,
    "rmajor_ref": 22.19309491,
    "rminor_ref": 1.80206932,
    "plasma_volume": 1422.62552585,
    "plasma_surface": 1960.01361974,
    "epseff": 0.01464553,
    "number_nu_star": 20,
    "D11_star_mono_input": [
        1.0,
        1.0,
        1.0,
        1.0,
        1.0,
        1.0,
        1.0,
        1.0,
        1.0,
        1.0,
        1.0,
        1.0,
        1.0,
        1.0,
        1.0,
        1.0,
        1.0,
        1.0,
        1.0,
        1.0
    ],
    "nu_star_mono_input": [
        1e-06,
        2.34e-06,
        5.46e-06,
        1.274e-05,
        2.976e-05,
        6.952e-05,
        0.00016238,
        0.00037927,
        0.00088587,
        0.00206914,
        0.00483293,
        0.01128838,
        0.02636651,
        0.06158482,
        0.14384499,
        0.33598183,
        0.78475997,
        1.83298071,
        4.2813324,
        10.0
    ],
    "neutron_peakfactor": 1.63039165
}